id,first_name,last_name,email,gender,ip_address
1,Connie,Gladeche,cgladeche0@umich.edu,Female,28.194.186.247
2,Hashim,Cowen,hcowen1@house.gov,Male,150.199.77.245
3,Nolie,Durdy,ndurdy2@nationalgeographic.com,Female,145.33.36.33
4,Abrahan,Lavers,alavers3@umn.edu,Male,35.110.31.11
5,Maud,Sculley,msculley4@slate.com,Female,128.60.240.163
6,Alford,Stamps,astamps5@wiley.com,Male,253.199.89.49
7,Ileane,Benedit,ibenedit6@nsw.gov.au,Female,32.121.30.52
8,Eberto,Pascall,epascall7@rediff.com,Male,73.35.73.55
9,Gram,Simpkins,gsimpkins8@goo.gl,Non-binary,16.99.86.155
10,Malena,Vedeneev,mvedeneev9@economist.com,Bigender,183.160.244.217
11,Lari,Clayworth,lclaywortha@imdb.com,Female,38.216.84.85
12,Marysa,Mary,mmaryb@engadget.com,Female,176.158.239.70
13,Salem,Hartell,shartellc@utexas.edu,Male,124.203.89.74
14,Allina,Wehner,awehnerd@goo.ne.jp,Female,15.186.140.48
15,Patsy,Threlfall,pthrelfalle@nytimes.com,Female,196.128.37.187
16,Charlean,Ramey,crameyf@homestead.com,Female,151.187.93.90
17,Siffre,Sciusscietto,ssciussciettog@yahoo.co.jp,Male,58.100.22.93
18,Chad,Bartalini,cbartalinih@nydailynews.com,Male,77.84.38.71
19,Evin,Heeks,eheeksi@godaddy.com,Male,44.167.132.48
20,Serena,MacPaike,smacpaikej@mlb.com,Genderqueer,67.32.11.180
21,Fons,Farguhar,ffarguhark@smh.com.au,Male,111.18.45.38
22,Burk,Sperski,bsperskil@xrea.com,Male,225.117.215.93
23,Simmonds,Rother,srotherm@cdbaby.com,Male,228.51.161.58
24,Patrizio,Cords,pcordsn@ibm.com,Male,86.137.183.236
25,Berti,Le Pine,blepineo@themeforest.net,Male,108.224.195.118
26,Waldo,Bryan,wbryanp@trellian.com,Male,244.230.187.231
27,Trudey,Dumphrey,tdumphreyq@opera.com,Female,181.118.193.237
28,Spike,Rabbitt,srabbittr@microsoft.com,Male,165.187.232.34
29,Anica,Patullo,apatullos@zimbio.com,Polygender,113.122.206.4
30,Harrie,Gilmour,hgilmourt@ebay.co.uk,Non-binary,214.194.87.179
31,Arie,Melbert,amelbertu@va.gov,Non-binary,198.192.230.98
32,Duff,Labbe,dlabbev@yale.edu,Male,179.88.122.76
33,Saloma,Kintish,skintishw@blog.com,Female,208.103.15.252
34,Leonid,Deport,ldeportx@dot.gov,Male,186.91.4.170
35,Myrta,Fenelow,mfenelowy@lulu.com,Female,44.95.198.222
36,Conny,Shalliker,cshallikerz@cisco.com,Male,222.40.215.3
37,Schuyler,Terren,sterren10@wix.com,Male,178.255.209.154
38,Smitty,Billingsley,sbillingsley11@hao123.com,Male,241.124.78.131
39,Callida,MacConchie,cmacconchie12@microsoft.com,Female,158.59.73.159
40,Aileen,Backson,abackson13@shinystat.com,Female,88.126.52.146
41,Delano,Placido,dplacido14@huffingtonpost.com,Male,184.74.174.186
42,Errick,Swannie,eswannie15@google.com.au,Male,239.198.205.167
43,Nelson,Aubrey,naubrey16@google.com,Male,208.45.165.227
44,Kellyann,Barstock,kbarstock17@plala.or.jp,Genderqueer,9.144.153.47
45,Dalston,Reedick,dreedick18@a8.net,Male,191.236.217.241
46,Filmer,Gofford,fgofford19@ft.com,Polygender,79.239.10.59
47,Piotr,Annesley,pannesley1a@icio.us,Male,185.93.2.137
48,Lew,Dibben,ldibben1b@artisteer.com,Male,104.103.30.54
49,Adela,O'Shields,aoshields1c@friendfeed.com,Female,212.160.35.206
50,Danella,Caulcott,dcaulcott1d@nationalgeographic.com,Female,225.120.81.241
51,Caron,Breming,cbreming1e@cisco.com,Bigender,110.245.227.244
52,Phillip,Bockler,pbockler1f@wiley.com,Male,254.1.8.87
53,Ava,Vowdon,avowdon1g@simplemachines.org,Female,189.115.217.22
54,Birch,Skelhorn,bskelhorn1h@mac.com,Male,39.254.55.107
55,Ryun,Fitzharris,rfitzharris1i@typepad.com,Male,214.141.6.54
56,Legra,Schurcke,lschurcke1j@hexun.com,Female,138.73.132.127
57,Clarette,Smurthwaite,csmurthwaite1k@google.de,Female,21.177.110.12
58,Mariana,Trude,mtrude1l@upenn.edu,Female,181.50.43.134
59,Pierrette,Halburton,phalburton1m@wisc.edu,Female,130.158.42.166
60,Leonhard,Trainor,ltrainor1n@squidoo.com,Agender,158.43.155.26
61,Obed,Rawood,orawood1o@spotify.com,Male,160.131.103.12
62,Cybil,Meeland,cmeeland1p@huffingtonpost.com,Female,69.90.123.21
63,Vachel,Brazel,vbrazel1q@house.gov,Male,50.188.2.221
64,Quintus,Putley,qputley1r@nih.gov,Male,249.72.9.92
65,Collen,Griffitt,cgriffitt1s@smugmug.com,Female,23.135.201.36
66,Kent,Jayme,kjayme1t@dion.ne.jp,Male,161.109.112.133
67,James,Madeley,jmadeley1u@myspace.com,Male,5.252.232.132
68,Arliene,Calloway,acalloway1v@tumblr.com,Female,36.48.149.108
69,Eberhard,Sonschein,esonschein1w@nationalgeographic.com,Male,121.84.83.83
70,Tomasine,Blundin,tblundin1x@tmall.com,Female,42.180.174.101
71,Tadio,Grieswood,tgrieswood1y@independent.co.uk,Male,126.50.79.160
72,Nick,Rushton,nrushton1z@ow.ly,Male,83.131.131.236
73,Tanney,Cragell,tcragell20@sitemeter.com,Male,99.117.243.130
74,Milka,Spackman,mspackman21@xinhuanet.com,Female,254.254.159.218
75,Duffie,Ware,dware22@hexun.com,Male,90.243.252.122
76,Boothe,Paulus,bpaulus23@nps.gov,Male,86.228.125.178
77,Niki,Pollen,npollen24@flickr.com,Male,122.180.75.208
78,Evvie,Lochet,elochet25@ow.ly,Female,77.215.14.115
79,Greggory,Jolliffe,gjolliffe26@boston.com,Male,206.201.237.139
80,Mace,Delgaty,mdelgaty27@reddit.com,Male,56.43.98.15
81,Torrie,Winson,twinson28@privacy.gov.au,Female,186.94.52.16
82,Budd,Sansom,bsansom29@g.co,Male,125.230.62.135
83,Graham,Bernardotte,gbernardotte2a@miitbeian.gov.cn,Non-binary,203.227.136.152
84,Marty,McDuffy,mmcduffy2b@sitemeter.com,Female,89.151.197.157
85,Clovis,Tawn,ctawn2c@exblog.jp,Female,249.162.44.87
86,Alverta,Verbrugge,averbrugge2d@gnu.org,Female,56.137.155.232
87,Elyn,Revans,erevans2e@tripod.com,Female,163.2.156.23
88,Bernadina,Jira,bjira2f@dmoz.org,Agender,113.210.163.39
89,Frederico,Shiel,fshiel2g@flavors.me,Male,13.110.172.120
90,Dirk,Bodman,dbodman2h@chronoengine.com,Male,73.120.195.165
91,Emmy,Biglin,ebiglin2i@cyberchimps.com,Male,45.225.141.52
92,Fernande,Osban,fosban2j@google.com.br,Female,246.109.106.61
93,Jerrylee,Oloshkin,joloshkin2k@bizjournals.com,Female,186.164.197.82
94,Frans,Anders,fanders2l@w3.org,Male,176.24.163.127
95,Bordy,Wandtke,bwandtke2m@photobucket.com,Male,116.51.211.38
96,Marge,Blatchford,mblatchford2n@jiathis.com,Female,240.175.88.255
97,Portia,Zemler,pzemler2o@123-reg.co.uk,Female,40.205.182.152
98,Tammie,MacCracken,tmaccracken2p@patch.com,Male,42.167.47.142
99,Keenan,Machon,kmachon2q@netscape.com,Male,239.226.212.166
100,Elisabetta,Brashaw,ebrashaw2r@un.org,Female,244.115.69.158
101,Giraud,De Bernardi,gdebernardi2s@wix.com,Male,175.121.240.162
102,Barney,Lander,blander2t@craigslist.org,Male,181.101.6.62
103,Milton,Woolpert,mwoolpert2u@example.com,Male,133.119.153.218
104,Charlotta,Tofts,ctofts2v@example.com,Female,14.113.115.58
105,Katee,Dearle-Palser,kdearlepalser2w@sogou.com,Female,149.54.42.127
106,Barnett,Avraham,bavraham2x@irs.gov,Male,164.100.172.235
107,Kelcie,Tofful,ktofful2y@cargocollective.com,Female,71.115.206.96
108,Antonina,Swinyard,aswinyard2z@skyrock.com,Female,123.98.86.98
109,Damiano,Botton,dbotton30@domainmarket.com,Male,25.115.141.185
110,Renado,Natt,rnatt31@tamu.edu,Male,173.86.245.213
111,Carl,Deverick,cdeverick32@archive.org,Male,132.239.17.113
112,Ginnifer,Lukasen,glukasen33@mozilla.org,Female,111.182.17.222
113,Davidde,Streatfeild,dstreatfeild34@aboutads.info,Male,89.140.10.57
114,Barthel,Brinkley,bbrinkley35@canalblog.com,Male,53.240.109.191
115,Candi,Zanuciolii,czanuciolii36@youku.com,Female,43.63.247.205
116,Gerianne,Rozycki,grozycki37@chron.com,Female,102.46.52.46
117,Klarrisa,Sargood,ksargood38@chicagotribune.com,Female,143.227.60.131
118,Maggy,Handes,mhandes39@csmonitor.com,Female,221.129.53.75
119,Averill,Winckworth,awinckworth3a@imageshack.us,Male,2.114.90.129
120,Flori,Kersley,fkersley3b@360.cn,Female,228.97.118.188
121,Arnuad,Duferie,aduferie3c@reddit.com,Male,193.254.244.223
122,Abigail,Oldis,aoldis3d@indiatimes.com,Female,56.177.214.60
123,Natassia,Greatland,ngreatland3e@usda.gov,Female,150.229.206.135
124,Niko,Rosthorn,nrosthorn3f@miibeian.gov.cn,Male,86.133.25.56
125,Renee,Skocroft,rskocroft3g@acquirethisname.com,Female,112.86.184.236
126,Corie,Crowe,ccrowe3h@sourceforge.net,Female,111.142.46.181
127,Orren,Tombs,otombs3i@chronoengine.com,Male,199.161.156.147
128,Angelle,Koubek,akoubek3j@virginia.edu,Female,130.108.233.234
129,Sydney,Sparrowe,ssparrowe3k@goodreads.com,Male,222.181.250.205
130,Debbie,Thwaites,dthwaites3l@ucsd.edu,Female,105.77.126.94
131,Ewen,Hyne,ehyne3m@shop-pro.jp,Male,9.139.108.23
132,Donnajean,Sulter,dsulter3n@google.nl,Female,107.91.153.160
133,Avrit,Farlane,afarlane3o@163.com,Female,112.89.119.206
134,Lizbeth,Neilly,lneilly3p@discovery.com,Female,131.155.164.60
135,Caressa,Yukhnevich,cyukhnevich3q@ox.ac.uk,Female,204.247.38.152
136,Garwin,Bridgstock,gbridgstock3r@springer.com,Male,112.26.72.4
137,Elaina,Hoonahan,ehoonahan3s@cdbaby.com,Female,192.244.112.57
138,Marcelo,Leacy,mleacy3t@salon.com,Male,254.96.245.25
139,Lukas,Vinnick,lvinnick3u@sitemeter.com,Male,174.246.192.32
140,Tad,Warre,twarre3v@creativecommons.org,Male,122.132.240.217
141,Katharine,Barlow,kbarlow3w@blinklist.com,Female,169.1.62.254
142,Keane,Capps,kcapps3x@etsy.com,Male,127.134.75.37
143,Valaria,Biddy,vbiddy3y@netlog.com,Female,213.210.42.85
144,Krystyna,Josephy,kjosephy3z@google.ca,Female,48.241.112.90
145,Xena,Dowding,xdowding40@apple.com,Female,2.252.84.71
146,Hort,Christofle,hchristofle41@hugedomains.com,Male,148.189.164.241
147,Golda,Verecker,gverecker42@angelfire.com,Female,20.189.80.9
148,Prue,Grimsdell,pgrimsdell43@indiegogo.com,Female,81.246.114.87
149,Thatch,Camillo,tcamillo44@rambler.ru,Male,134.113.214.245
150,Townie,Londer,tlonder45@issuu.com,Bigender,26.27.190.113
151,Monika,Fitzsymonds,mfitzsymonds46@fda.gov,Female,230.43.139.217
152,Biddy,Huskisson,bhuskisson47@typepad.com,Female,46.188.21.87
153,Delilah,Ashwell,dashwell48@archive.org,Bigender,122.216.69.164
154,Jaquelyn,Bashford,jbashford49@hp.com,Female,187.78.12.131
155,Claudius,Chatto,cchatto4a@hibu.com,Male,243.97.42.150
156,Dion,Djurdjevic,ddjurdjevic4b@pinterest.com,Non-binary,73.149.226.239
157,Ade,Summons,asummons4c@timesonline.co.uk,Male,155.125.51.23
158,Eleonora,Celler,eceller4d@privacy.gov.au,Female,34.142.202.5
159,Christoforo,Di Carlo,cdicarlo4e@bandcamp.com,Male,221.201.41.123
160,Kasper,Stairmand,kstairmand4f@japanpost.jp,Male,191.228.10.184
161,Quintana,Swann,qswann4g@prlog.org,Female,190.245.99.121
162,Buck,Leitch,bleitch4h@shinystat.com,Genderqueer,4.0.92.175
163,Krishna,Briatt,kbriatt4i@epa.gov,Male,24.160.109.24
164,Garrard,Tofano,gtofano4j@hostgator.com,Male,225.152.46.135
165,Jillian,Oldcroft,joldcroft4k@google.com.br,Female,22.50.72.5
166,Paco,Fawcett,pfawcett4l@ucoz.com,Male,201.174.175.117
167,Syman,Meece,smeece4m@apple.com,Genderqueer,43.90.144.89
168,Abey,Skipper,askipper4n@jugem.jp,Male,241.1.75.178
169,Evelyn,Roddick,eroddick4o@blogtalkradio.com,Male,17.30.19.49
170,Sergio,Beddoe,sbeddoe4p@europa.eu,Male,35.64.3.167
171,Sampson,Kencott,skencott4q@artisteer.com,Male,57.157.178.32
172,Elliot,Kruschev,ekruschev4r@cdc.gov,Male,213.241.238.249
173,Bryna,Braden,bbraden4s@jigsy.com,Female,204.39.134.67
174,Deeanne,Passo,dpasso4t@live.com,Bigender,173.40.100.161
175,Harmony,Reinbech,hreinbech4u@nasa.gov,Female,140.139.146.169
176,Karlen,Sinclaire,ksinclaire4v@sakura.ne.jp,Female,132.246.4.181
177,Goldina,Mirfield,gmirfield4w@stanford.edu,Female,53.10.198.18
178,Desmond,Stampfer,dstampfer4x@zdnet.com,Male,92.34.106.38
179,Clovis,Elcoux,celcoux4y@miibeian.gov.cn,Female,215.223.201.135
180,Joelynn,Tassaker,jtassaker4z@free.fr,Female,217.52.18.21
181,Dunstan,Monro,dmonro50@diigo.com,Male,120.79.108.26
182,Laurena,Tulip,ltulip51@wordpress.com,Female,243.11.100.68
183,Ethan,McKenzie,emckenzie52@arizona.edu,Male,157.124.91.182
184,Mac,Towson,mtowson53@list-manage.com,Male,199.170.45.220
185,Reggie,Arsnell,rarsnell54@sakura.ne.jp,Male,203.152.137.254
186,Elmore,Cardow,ecardow55@gov.uk,Male,192.212.49.32
187,Meggie,McPhelimey,mmcphelimey56@live.com,Female,185.93.196.225
188,Maegan,Kennsley,mkennsley57@time.com,Female,81.132.194.173
189,Daisey,Maunders,dmaunders58@photobucket.com,Female,214.115.115.164
190,Berny,Carbry,bcarbry59@sun.com,Female,164.108.218.227
191,Molly,Kehri,mkehri5a@acquirethisname.com,Female,49.101.65.220
192,Dalton,Innocenti,dinnocenti5b@yahoo.com,Male,57.142.62.129
193,Sidonia,Haydock,shaydock5c@nyu.edu,Female,133.136.84.23
194,Shina,Kerby,skerby5d@dailymotion.com,Female,32.213.207.119
195,Bendix,Defew,bdefew5e@mashable.com,Male,204.247.122.82
196,Gracia,Southorn,gsouthorn5f@fastcompany.com,Female,49.198.0.10
197,Roberto,Jandel,rjandel5g@ox.ac.uk,Male,241.206.161.60
198,Laetitia,Kirwin,lkirwin5h@twitpic.com,Female,64.23.167.128
199,Finn,Augustine,faugustine5i@biglobe.ne.jp,Male,119.37.28.231
200,Eveleen,Blofield,eblofield5j@topsy.com,Female,48.180.76.15
201,Shaine,Di Francesco,sdifrancesco5k@shareasale.com,Female,24.190.228.43
202,Deanne,Tear,dtear5l@discuz.net,Female,125.199.29.3
203,Gunilla,Phipps,gphipps5m@usatoday.com,Female,137.53.253.53
204,Abdul,Eltone,aeltone5n@google.es,Male,254.43.113.97
205,Chantal,Staining,cstaining5o@google.nl,Bigender,74.105.81.146
206,Arnuad,Rampton,arampton5p@alibaba.com,Male,164.143.7.127
207,Clemmy,Scrannage,cscrannage5q@pinterest.com,Female,84.110.38.212
208,Erwin,Garvey,egarvey5r@youku.com,Male,242.112.100.45
209,Barbabra,Fice,bfice5s@clickbank.net,Female,74.233.146.173
210,Shanda,Mougenel,smougenel5t@desdev.cn,Female,220.109.228.39
211,Jecho,Cleere,jcleere5u@nasa.gov,Male,133.133.239.204
212,Corbin,Jenoure,cjenoure5v@baidu.com,Male,86.194.223.65
213,Dennet,Scarlett,dscarlett5w@yellowpages.com,Male,215.97.85.52
214,Fax,Carvil,fcarvil5x@java.com,Bigender,118.146.156.21
215,Ode,Cardozo,ocardozo5y@adobe.com,Genderfluid,205.113.234.158
216,Burnard,Iiannoni,biiannoni5z@google.nl,Male,128.220.250.145
217,Brenda,Rudman,brudman60@cbc.ca,Female,4.86.147.140
218,Tressa,Asey,tasey61@tinypic.com,Female,141.107.172.171
219,Tracy,Greally,tgreally62@washington.edu,Male,132.99.239.211
220,Sidonia,Feaveer,sfeaveer63@howstuffworks.com,Female,206.182.31.220
221,Smitty,Padberry,spadberry64@sciencedirect.com,Male,60.225.101.41
222,Nicol,Braniff,nbraniff65@naver.com,Female,45.251.182.237
223,Edan,Skeen,eskeen66@usatoday.com,Male,79.105.73.153
224,Floria,Cratchley,fcratchley67@yelp.com,Female,175.1.59.231
225,Moll,Job,mjob68@wix.com,Female,203.210.85.160
226,Trstram,Byneth,tbyneth69@usda.gov,Male,178.234.87.193
227,Asher,Cluer,acluer6a@tinyurl.com,Male,68.109.16.191
228,Royce,Tison,rtison6b@google.com,Male,14.193.250.140
229,Hamel,Artus,hartus6c@bing.com,Male,47.127.139.215
230,Kaila,Blackett,kblackett6d@youtu.be,Female,38.228.119.14
231,Ag,Ashby,aashby6e@gov.uk,Female,142.104.51.213
232,Max,Corington,mcorington6f@state.gov,Male,238.12.224.91
233,Torie,Kobpa,tkobpa6g@harvard.edu,Female,250.79.175.22
234,Cal,Livesley,clivesley6h@t-online.de,Female,235.206.210.247
235,Leontyne,Semonin,lsemonin6i@alexa.com,Female,37.115.145.166
236,Gilbert,Rupke,grupke6j@house.gov,Male,183.115.205.6
237,Colleen,Wadmore,cwadmore6k@mozilla.org,Female,251.91.67.32
238,Axel,Tumilson,atumilson6l@alexa.com,Male,71.86.2.254
239,Lind,Jakubowicz,ljakubowicz6m@edublogs.org,Male,134.210.237.16
240,Otho,Mongenot,omongenot6n@nbcnews.com,Male,128.165.106.142
241,Alejoa,Twiddle,atwiddle6o@ftc.gov,Male,59.11.43.200
242,Robinetta,Narramor,rnarramor6p@smugmug.com,Female,112.232.176.185
243,Ichabod,Swain,iswain6q@patch.com,Male,20.76.210.214
244,Nessa,Beran,nberan6r@wisc.edu,Female,39.8.143.206
245,Northrup,Levermore,nlevermore6s@google.de,Male,26.212.29.194
246,Emmy,Pimme,epimme6t@ameblo.jp,Female,143.180.17.229
247,Taite,Kemery,tkemery6u@shinystat.com,Male,20.189.111.175
248,Lynnette,Eaken,leaken6v@a8.net,Female,112.251.43.29
249,Gracia,Mayte,gmayte6w@naver.com,Female,79.195.25.86
250,Evelin,Allberry,eallberry6x@last.fm,Male,59.44.100.90
251,Whittaker,Overnell,wovernell6y@mayoclinic.com,Male,236.119.6.156
252,Kass,Muff,kmuff6z@yandex.ru,Female,111.63.37.176
253,Brandie,Cassell,bcassell70@myspace.com,Female,8.144.9.12
254,Carmina,Wimbush,cwimbush71@ifeng.com,Female,23.90.111.86
255,Beverlee,Clibbery,bclibbery72@forbes.com,Female,207.230.192.151
256,Pablo,Cadd,pcadd73@spiegel.de,Male,232.147.119.71
257,Lutero,Harse,lharse74@weebly.com,Non-binary,180.251.255.151
258,Maisie,Tidswell,mtidswell75@admin.ch,Genderfluid,109.236.21.114
259,Molly,Eate,meate76@hao123.com,Female,126.91.36.142
260,Kessiah,Dabel,kdabel77@last.fm,Female,91.74.38.106
261,Rici,Cloute,rcloute78@tmall.com,Female,147.210.156.118
262,Noam,Turri,nturri79@123-reg.co.uk,Male,201.202.132.45
263,Raoul,Felkin,rfelkin7a@artisteer.com,Male,96.109.95.116
264,Meredithe,Ebbin,mebbin7b@canalblog.com,Female,102.187.7.181
265,Helena,Loughead,hloughead7c@t-online.de,Female,14.142.158.99
266,Montague,Hearl,mhearl7d@forbes.com,Genderqueer,202.252.133.21
267,Ethelind,Banstead,ebanstead7e@wufoo.com,Female,190.185.96.208
268,Korrie,Dabnot,kdabnot7f@cocolog-nifty.com,Female,120.21.188.203
269,Cherilyn,Habron,chabron7g@typepad.com,Female,219.123.181.187
270,Adelheid,Tomadoni,atomadoni7h@google.com.hk,Female,37.221.61.110
271,Buffy,Zouch,bzouch7i@marriott.com,Female,200.121.44.155
272,Tybalt,Sowte,tsowte7j@naver.com,Male,155.11.75.32
273,Alec,Gallichiccio,agallichiccio7k@economist.com,Polygender,116.246.115.126
274,Aldwin,Burless,aburless7l@sourceforge.net,Male,205.252.215.60
275,Darryl,Canniffe,dcanniffe7m@people.com.cn,Female,66.201.73.42
276,Germaine,Eddisford,geddisford7n@wikipedia.org,Male,82.20.132.219
277,Kenon,Mc Grath,kmcgrath7o@digg.com,Male,41.92.255.248
278,Oren,Catford,ocatford7p@usatoday.com,Male,153.148.143.116
279,Morey,Boomes,mboomes7q@hostgator.com,Male,176.94.120.60
280,Alexandre,Narracott,anarracott7r@ustream.tv,Male,5.68.41.174
281,Joey,Brunone,jbrunone7s@washingtonpost.com,Female,110.161.61.66
282,Marvin,Kierans,mkierans7t@about.com,Male,118.103.213.253
283,Catlee,Oxbrough,coxbrough7u@cpanel.net,Female,235.229.12.165
284,Brigitta,Priestland,bpriestland7v@hugedomains.com,Female,239.230.124.136
285,Cozmo,Baudet,cbaudet7w@hao123.com,Male,21.173.136.168
286,Shermy,Gettens,sgettens7x@eventbrite.com,Male,67.28.162.175
287,Artemis,Showt,ashowt7y@printfriendly.com,Male,91.47.201.221
288,Donnie,Sextone,dsextone7z@squidoo.com,Male,136.228.174.2
289,Sandy,Dmisek,sdmisek80@simplemachines.org,Female,210.112.128.195
290,Barde,Doig,bdoig81@nsw.gov.au,Male,211.165.130.128
291,Beau,Spridgen,bspridgen82@rediff.com,Genderqueer,13.250.59.192
292,Elinore,Matuszkiewicz,ematuszkiewicz83@ask.com,Female,208.49.137.230
293,Peadar,Frome,pfrome84@webmd.com,Male,184.29.40.2
294,Frederich,Moro,fmoro85@t-online.de,Male,66.107.64.84
295,Calla,Gresser,cgresser86@toplist.cz,Female,41.112.177.205
296,Rich,Columbine,rcolumbine87@redcross.org,Male,11.235.183.12
297,Clemente,Lawther,clawther88@addthis.com,Male,152.34.70.175
298,Gerty,Jarley,gjarley89@omniture.com,Female,55.23.4.149
299,Raddie,Margerison,rmargerison8a@lycos.com,Male,22.95.119.36
300,Broddie,Stiggles,bstiggles8b@studiopress.com,Male,20.207.133.236
301,Teodor,Motten,tmotten8c@npr.org,Male,15.20.59.74
302,Delcina,Jurkowski,djurkowski8d@virginia.edu,Female,87.203.231.115
303,Stormy,Face,sface8e@narod.ru,Female,80.5.4.179
304,Kassi,Ghioni,kghioni8f@admin.ch,Female,9.71.128.22
305,Xylina,Denman,xdenman8g@sohu.com,Female,192.181.124.53
306,Putnam,Swindell,pswindell8h@usatoday.com,Male,15.54.131.91
307,Ediva,Lebreton,elebreton8i@about.me,Polygender,198.223.47.226
308,Inger,Anthoin,ianthoin8j@theglobeandmail.com,Male,246.182.139.11
309,Delia,Pickerin,dpickerin8k@businessinsider.com,Female,244.137.192.58
310,Aldous,Worvill,aworvill8l@ca.gov,Male,29.151.43.148
311,Adrian,Atheis,aatheis8m@zimbio.com,Male,106.0.178.64
312,Consalve,Marcu,cmarcu8n@bloomberg.com,Male,182.224.97.61
313,Teddi,Kirkpatrick,tkirkpatrick8o@mtv.com,Female,228.240.94.222
314,Ardene,Warrier,awarrier8p@rakuten.co.jp,Female,234.124.70.35
315,Ingelbert,Raw,iraw8q@amazon.co.jp,Male,46.57.18.104
316,Ross,Clubb,rclubb8r@archive.org,Non-binary,128.234.191.98
317,Alikee,Squelch,asquelch8s@netscape.com,Female,12.244.63.121
318,Malvina,O'Caherny,mocaherny8t@washingtonpost.com,Female,175.136.178.223
319,Elisabeth,Dunkinson,edunkinson8u@newyorker.com,Female,132.153.105.240
320,Beck,Olifard,bolifard8v@engadget.com,Male,176.135.149.20
321,Ernest,Dummer,edummer8w@salon.com,Male,251.18.111.126
322,Niki,Laurenceau,nlaurenceau8x@github.com,Male,78.228.182.190
323,Alison,Cashmore,acashmore8y@npr.org,Female,65.1.31.72
324,Bernardina,Biesterfeld,bbiesterfeld8z@geocities.com,Female,163.94.199.251
325,Carmella,McMeekan,cmcmeekan90@goodreads.com,Female,231.152.53.58
326,Ilse,Sayers,isayers91@pinterest.com,Female,90.38.194.70
327,Joane,Ditzel,jditzel92@msu.edu,Female,218.112.157.212
328,Jacqueline,Elliss,jelliss93@theguardian.com,Female,28.56.102.23
329,Wiatt,Bax,wbax94@php.net,Male,170.67.65.222
330,Carver,Sudworth,csudworth95@nature.com,Male,131.150.208.255
331,Glenna,Hinkensen,ghinkensen96@cloudflare.com,Female,18.106.119.20
332,Benjie,Livermore,blivermore97@google.nl,Male,168.149.75.68
333,Isa,Caesman,icaesman98@bandcamp.com,Male,138.76.136.181
334,Leon,Humfrey,lhumfrey99@va.gov,Bigender,80.146.85.189
335,Demetra,Raccio,draccio9a@nature.com,Female,210.189.105.1
336,Bradford,Dericot,bdericot9b@shutterfly.com,Male,176.237.149.121
337,Cris,O'Farris,cofarris9c@dropbox.com,Female,217.105.8.249
338,Donovan,Piletic,dpiletic9d@youku.com,Male,77.176.249.192
339,Akim,Varnals,avarnals9e@joomla.org,Male,174.62.154.26
340,Lannie,Doree,ldoree9f@oracle.com,Male,174.181.18.201
341,Thorsten,Lynch,tlynch9g@blinklist.com,Male,223.47.133.112
342,Shay,Depka,sdepka9h@nifty.com,Male,75.123.36.250
343,Lindsay,Rossander,lrossander9i@zdnet.com,Female,124.204.15.250
344,Conant,Whittaker,cwhittaker9j@theatlantic.com,Male,197.141.26.220
345,Olivier,Narup,onarup9k@washingtonpost.com,Male,109.154.42.172
346,Michal,Shea,mshea9l@amazonaws.com,Male,194.17.22.142
347,Carena,Blenkinsop,cblenkinsop9m@plala.or.jp,Female,134.131.0.2
348,Henriette,Hallt,hhallt9n@forbes.com,Female,205.18.66.49
349,Tim,Martell,tmartell9o@devhub.com,Female,253.72.69.13
350,Brandtr,Goodricke,bgoodricke9p@over-blog.com,Male,103.37.225.32
351,Bryce,Deveril,bdeveril9q@cbslocal.com,Male,189.55.199.16
352,Ellerey,Zelake,ezelake9r@nydailynews.com,Male,215.254.85.31
353,Cindy,Folker,cfolker9s@cargocollective.com,Female,170.50.131.13
354,Tony,Dugood,tdugood9t@oaic.gov.au,Male,141.88.224.130
355,Garrek,Benton,gbenton9u@nymag.com,Male,58.96.54.26
356,Anya,Allenson,aallenson9v@ning.com,Female,46.57.180.86
357,Adrianna,Ardron,aardron9w@weebly.com,Female,54.230.24.95
358,Ekaterina,Mapson,emapson9x@last.fm,Female,68.73.143.185
359,Amanda,Rusbridge,arusbridge9y@ning.com,Female,224.16.114.136
360,Bjorn,Milella,bmilella9z@usgs.gov,Male,8.232.176.84
361,Turner,Blankman,tblankmana0@t-online.de,Male,15.114.164.205
362,Emili,Waddoups,ewaddoupsa1@time.com,Female,45.241.142.120
363,Tiffie,Colyer,tcolyera2@imgur.com,Female,94.23.135.8
364,Shelton,McEnteggart,smcenteggarta3@indiegogo.com,Male,49.249.157.138
365,Reynard,Jamson,rjamsona4@marriott.com,Male,50.80.187.67
366,Tyne,Tremlett,ttremletta5@paginegialle.it,Female,207.169.24.211
367,Kelbee,Yeldon,kyeldona6@gizmodo.com,Male,82.210.155.194
368,Irene,Ville,ivillea7@time.com,Female,67.0.252.100
369,Shaina,Duprey,sdupreya8@youku.com,Female,70.102.111.19
370,Alastair,Menelaws,amenelawsa9@stanford.edu,Male,118.197.13.205
371,Brigit,Stodd,bstoddaa@ftc.gov,Female,9.19.122.20
372,Vikki,Colquete,vcolqueteab@virginia.edu,Female,234.27.23.124
373,Moore,Rubinchik,mrubinchikac@uiuc.edu,Male,93.223.14.211
374,Nellie,Rowlinson,nrowlinsonad@time.com,Genderfluid,39.210.58.48
375,Giacinta,Edser,gedserae@deliciousdays.com,Female,103.145.166.4
376,Waylan,Cayton,wcaytonaf@cpanel.net,Male,236.142.186.237
377,Charil,Gentreau,cgentreauag@youtu.be,Female,87.153.219.200
378,Tilly,Winterson,twintersonah@sciencedirect.com,Female,212.108.106.71
379,Othello,Rooze,oroozeai@twitter.com,Male,5.44.198.162
380,Jessalin,Veasey,jveaseyaj@nbcnews.com,Female,17.179.13.57
381,Emmalynne,Skillitt,eskillittak@pbs.org,Female,121.94.107.173
382,Chelsie,Heffernan,cheffernanal@liveinternet.ru,Female,114.70.9.2
383,Myrilla,Verner,mverneram@homestead.com,Female,128.192.9.213
384,Garfield,Thomasen,gthomasenan@geocities.com,Male,165.42.43.231
385,Vevay,Halm,vhalmao@marriott.com,Female,109.235.226.206
386,Juli,Hall-Gough,jhallgoughap@time.com,Polygender,57.106.103.146
387,Jakie,Tendahl,jtendahlaq@ed.gov,Male,43.5.223.187
388,Ev,McWhin,emcwhinar@ehow.com,Male,212.54.155.68
389,Keefe,McCloughlin,kmccloughlinas@is.gd,Male,146.171.8.248
390,Paquito,Serman,psermanat@squidoo.com,Male,96.255.44.14
391,Jaynell,Barhem,jbarhemau@tripod.com,Female,8.209.88.96
392,Bram,Lanigan,blaniganav@meetup.com,Male,128.79.249.18
393,Finley,Littledyke,flittledykeaw@google.pl,Male,30.98.218.0
394,Mohammed,Colebrook,mcolebrookax@telegraph.co.uk,Genderqueer,206.181.234.157
395,Ronda,Ebbens,rebbensay@twitter.com,Female,155.120.135.27
396,Celestyn,Tomicki,ctomickiaz@wp.com,Female,129.49.207.230
397,Orazio,Dowderswell,odowderswellb0@deviantart.com,Male,162.33.114.246
398,Brocky,Durban,bdurbanb1@163.com,Male,62.104.249.199
399,Hastie,Whyley,hwhyleyb2@php.net,Male,214.122.222.102
400,Sibley,Rainsden,srainsdenb3@aboutads.info,Female,1.170.155.32
401,Lemuel,Gaskin,lgaskinb4@sphinn.com,Male,174.229.249.0
402,Hartley,Gaffey,hgaffeyb5@wisc.edu,Male,121.66.110.86
403,Thelma,Millar,tmillarb6@addtoany.com,Female,171.119.58.221
404,Mycah,Nevill,mnevillb7@discuz.net,Male,21.38.135.87
405,Abdul,Cordingly,acordinglyb8@wunderground.com,Male,130.83.207.85
406,Norrie,Gleadhall,ngleadhallb9@fotki.com,Male,84.96.113.171
407,Leo,Lanfare,llanfareba@sbwire.com,Male,72.221.57.15
408,Ellsworth,Schorah,eschorahbb@arizona.edu,Male,172.67.61.73
409,Alvera,Thickpenny,athickpennybc@army.mil,Female,156.23.243.8
410,Chane,Espin,cespinbd@youtube.com,Male,137.182.46.135
411,Suki,Leeb,sleebbe@ezinearticles.com,Female,59.88.18.174
412,Kaiser,Aprahamian,kaprahamianbf@google.co.jp,Bigender,83.103.29.253
413,Osmund,Garrique,ogarriquebg@ted.com,Male,134.156.12.197
414,Halsy,Sutcliffe,hsutcliffebh@npr.org,Male,81.18.33.42
415,Bram,Hassewell,bhassewellbi@slideshare.net,Male,157.55.134.190
416,Don,Cheston,dchestonbj@boston.com,Male,73.124.37.55
417,Ardys,Nilles,anillesbk@storify.com,Female,138.162.136.216
418,Kenon,Allcroft,kallcroftbl@ow.ly,Male,36.37.163.205
419,Hillard,Napier,hnapierbm@diigo.com,Male,70.219.2.100
420,Zabrina,Koppel,zkoppelbn@weibo.com,Female,150.83.8.251
421,Stanislaus,Boffin,sboffinbo@illinois.edu,Agender,41.1.84.249
422,Shannen,Portlock,sportlockbp@nydailynews.com,Female,76.5.154.43
423,Tiena,Quadling,tquadlingbq@about.com,Female,204.202.187.122
424,Whittaker,Scotson,wscotsonbr@dailymotion.com,Male,106.29.81.60
425,Rosamond,Fierro,rfierrobs@nydailynews.com,Female,86.3.66.188
426,Berny,Astman,bastmanbt@indiegogo.com,Male,56.248.227.107
427,Erna,Sibborn,esibbornbu@etsy.com,Female,161.11.103.102
428,Hesther,Lethbridge,hlethbridgebv@amazon.co.jp,Female,147.157.94.33
429,Alex,Van der Brug,avanderbrugbw@youku.com,Female,212.207.72.223
430,Murry,Vamplew,mvamplewbx@paypal.com,Male,40.116.151.210
431,Bordy,Elms,belmsby@cnbc.com,Male,111.64.211.197
432,Rene,Allatt,rallattbz@salon.com,Male,186.202.101.63
433,Anette,Branford,abranfordc0@miibeian.gov.cn,Genderqueer,170.119.237.243
434,Roosevelt,Duffil,rduffilc1@parallels.com,Bigender,202.144.16.57
435,Drake,de Pinna,ddepinnac2@umich.edu,Male,62.127.125.44
436,Tarrance,Ferronet,tferronetc3@huffingtonpost.com,Male,180.21.125.176
437,Cathy,Possek,cpossekc4@dmoz.org,Agender,186.64.22.201
438,Luciano,Hourihane,lhourihanec5@uol.com.br,Male,11.105.64.233
439,Kevon,Rubanenko,krubanenkoc6@unicef.org,Male,38.191.204.184
440,Locke,Ambroix,lambroixc7@reuters.com,Male,251.238.14.70
441,Bridget,Peche,bpechec8@csmonitor.com,Female,56.97.176.213
442,Madeline,Gully,mgullyc9@miibeian.gov.cn,Female,113.76.213.49
443,Wileen,Becerra,wbecerraca@bluehost.com,Female,115.181.68.255
444,Avrom,Nalder,analdercb@livejournal.com,Male,232.190.155.151
445,Freddy,Critchell,fcritchellcc@huffingtonpost.com,Female,65.135.43.27
446,Loraine,Goulding,lgouldingcd@shinystat.com,Female,23.120.75.197
447,Sammy,MacPake,smacpakece@histats.com,Male,185.48.28.34
448,Levi,Jery,ljerycf@clickbank.net,Male,232.243.229.20
449,Ferris,Danielian,fdanieliancg@google.es,Male,55.17.165.121
450,Max,Dibdin,mdibdinch@sogou.com,Polygender,52.135.45.100
451,Frankie,Pantlin,fpantlinci@hexun.com,Female,15.235.85.145
452,Jervis,Nickell,jnickellcj@vistaprint.com,Male,229.237.52.80
453,Jaimie,Bourdon,jbourdonck@nymag.com,Genderfluid,179.0.104.15
454,Kathe,Hayers,khayerscl@ocn.ne.jp,Female,147.253.237.162
455,Prentice,Demer,pdemercm@furl.net,Male,139.32.180.213
456,Guntar,Vasyunin,gvasyunincn@meetup.com,Male,190.139.23.20
457,Hansiain,Cowland,hcowlandco@bing.com,Male,135.16.253.84
458,Jaime,Marques,jmarquescp@liveinternet.ru,Male,188.36.202.164
459,Kevyn,Bride,kbridecq@businesswire.com,Female,3.43.12.183
460,Rochette,Emeny,remenycr@va.gov,Female,220.105.51.194
461,Herbert,Kingzett,hkingzettcs@ocn.ne.jp,Male,25.171.217.183
462,Alfons,Abram,aabramct@slideshare.net,Male,155.50.211.252
463,Peria,Ansty,panstycu@marketwatch.com,Female,253.246.99.200
464,Chuck,Just,cjustcv@phoca.cz,Male,162.144.136.38
465,Natale,Mouland,nmoulandcw@last.fm,Bigender,19.167.204.57
466,Maressa,Denisevich,mdenisevichcx@nasa.gov,Female,137.83.12.114
467,Gayel,Bearman,gbearmancy@oaic.gov.au,Female,165.165.30.47
468,Cordell,Kitman,ckitmancz@reference.com,Male,234.57.194.59
469,Dore,Futter,dfutterd0@dion.ne.jp,Female,4.224.122.216
470,Orsa,Overnell,oovernelld1@nature.com,Female,52.140.251.11
471,Sibella,Secretan,ssecretand2@storify.com,Genderqueer,235.2.65.224
472,Derk,Attoe,dattoed3@ocn.ne.jp,Male,1.152.123.226
473,Artair,Disney,adisneyd4@census.gov,Male,190.107.167.130
474,Pennie,Chominski,pchominskid5@mysql.com,Female,106.159.184.198
475,Wanda,Horley,whorleyd6@wsj.com,Female,67.29.8.242
476,Mauricio,Gorger,mgorgerd7@ucla.edu,Male,155.139.211.137
477,Everett,O'Scandall,eoscandalld8@linkedin.com,Male,122.2.109.179
478,Ezekiel,Drinkwater,edrinkwaterd9@github.io,Male,220.119.22.56
479,Joelly,Deeney,jdeeneyda@amazon.com,Female,243.17.174.56
480,Brinna,Pundy,bpundydb@comsenz.com,Female,51.187.31.241
481,Gabey,Vasichev,gvasichevdc@xinhuanet.com,Female,128.59.31.20
482,Maighdiln,Pawlyn,mpawlyndd@dedecms.com,Female,160.132.53.229
483,Gayle,Beynkn,gbeynknde@blogtalkradio.com,Female,106.27.37.210
484,Colin,Clemenzi,cclemenzidf@businesswire.com,Male,80.95.166.27
485,Wendeline,Tuxell,wtuxelldg@zimbio.com,Female,192.177.218.20
486,Edeline,Prandoni,eprandonidh@walmart.com,Female,19.36.248.224
487,Ruggiero,Tinwell,rtinwelldi@symantec.com,Genderfluid,234.102.125.132
488,Maddy,Regus,mregusdj@jalbum.net,Male,120.214.180.237
489,Abner,Blazeby,ablazebydk@example.com,Male,181.123.181.38
490,Penny,Penberthy,ppenberthydl@indiegogo.com,Female,186.241.142.214
491,My,Maypole,mmaypoledm@fc2.com,Polygender,212.145.133.205
492,Nate,Weston,nwestondn@w3.org,Male,5.54.163.115
493,Lynelle,Sumshon,lsumshondo@flavors.me,Female,9.201.172.116
494,Bastian,Armsby,barmsbydp@msu.edu,Male,249.57.1.211
495,Morgun,Archbald,marchbalddq@webs.com,Male,100.121.150.210
496,Anabella,Fardon,afardondr@auda.org.au,Female,33.37.40.173
497,Brandi,Ferreres,bferreresds@theatlantic.com,Female,10.166.224.146
498,Tremain,Silberschatz,tsilberschatzdt@nhs.uk,Male,48.166.204.80
499,Harv,Chapell,hchapelldu@ucoz.ru,Male,67.40.72.117
500,Edwina,Harwick,eharwickdv@cocolog-nifty.com,Female,20.253.139.105
501,Rici,Todaro,rtodarodw@hibu.com,Female,194.158.39.138
502,Kippar,Cash,kcashdx@aboutads.info,Non-binary,131.145.191.2
503,Ynez,Overal,yoveraldy@buzzfeed.com,Bigender,202.122.115.13
504,Hillard,Ravenhill,hravenhilldz@pcworld.com,Male,32.175.130.114
505,Jayme,Ready,jreadye0@apple.com,Male,141.72.168.91
506,Lou,Stapley,lstapleye1@wired.com,Female,193.237.86.177
507,Prisca,Le Huquet,plehuquete2@columbia.edu,Genderqueer,87.55.85.82
508,Gordan,Kivlehan,gkivlehane3@goo.gl,Male,40.97.188.44
509,Any,Kensett,akensette4@dyndns.org,Male,180.84.202.123
510,Glynn,Klaaassen,gklaaassene5@spiegel.de,Male,227.77.61.22
511,Ronnie,Cohan,rcohane6@360.cn,Female,33.208.67.104
512,Maxy,Huguet,mhuguete7@un.org,Female,114.4.186.11
513,Gallagher,Strethill,gstrethille8@instagram.com,Male,141.107.190.49
514,Fons,Kasper,fkaspere9@mac.com,Male,6.129.177.41
515,Molly,Brugh,mbrughea@istockphoto.com,Female,76.115.11.234
516,Devin,Bittleson,dbittlesoneb@indiegogo.com,Female,252.218.202.182
517,Tanner,de Aguirre,tdeaguirreec@shutterfly.com,Male,80.72.31.128
518,Shell,Peyto,speytoed@arizona.edu,Female,116.252.234.2
519,Gloriana,Lovemore,glovemoreee@imgur.com,Female,230.251.9.43
520,Nerty,Henniger,nhennigeref@privacy.gov.au,Female,65.236.173.45
521,Rem,Goddman,rgoddmaneg@businessweek.com,Male,162.161.20.176
522,Cyndie,Petzolt,cpetzolteh@illinois.edu,Genderqueer,31.119.11.237
523,Rodge,Neumann,rneumannei@infoseek.co.jp,Male,19.213.21.64
524,Bendix,Firman,bfirmanej@bloomberg.com,Male,111.243.93.177
525,Dun,Brabben,dbrabbenek@adobe.com,Male,50.211.150.29
526,Barri,Micah,bmicahel@springer.com,Male,99.117.125.219
527,Latrina,Kesey,lkeseyem@rambler.ru,Female,219.224.57.250
528,Harmonia,Allman,hallmanen@columbia.edu,Female,93.251.53.167
529,Edik,Rochford,erochfordeo@typepad.com,Male,128.54.51.62
530,Antonin,Bahde,abahdeep@nationalgeographic.com,Male,234.252.223.15
531,Jayne,Mozzini,jmozzinieq@google.pl,Female,134.253.169.138
532,Barnie,Klimt,bklimter@multiply.com,Male,17.20.139.42
533,Rebbecca,Davson,rdavsones@utexas.edu,Female,228.108.165.68
534,Roddy,Mazonowicz,rmazonowiczet@domainmarket.com,Male,169.215.41.246
535,Felicia,Siemandl,fsiemandleu@jigsy.com,Non-binary,115.90.183.103
536,Gusty,Lafflin,glafflinev@edublogs.org,Female,81.129.4.15
537,Lyndsay,Ramas,lramasew@ucsd.edu,Female,169.100.77.94
538,Isaac,Mum,imumex@redcross.org,Male,95.9.61.27
539,Aidan,Di Filippo,adifilippoey@e-recht24.de,Non-binary,128.5.121.179
540,Jilleen,Mauchlen,jmauchlenez@cdbaby.com,Non-binary,175.232.138.249
541,Minerva,Ronald,mronaldf0@paypal.com,Female,118.107.117.175
542,Gerta,Le Marchand,glemarchandf1@purevolume.com,Female,178.182.53.65
543,Felipe,Hinks,fhinksf2@google.cn,Male,156.7.204.11
544,Gerik,Benedick,gbenedickf3@hhs.gov,Non-binary,220.154.35.71
545,Federico,Snailham,fsnailhamf4@google.co.uk,Male,203.153.138.41
546,Garner,Heare,ghearef5@netscape.com,Male,164.94.29.93
547,Billie,Gorriessen,bgorriessenf6@tuttocitta.it,Male,239.92.189.50
548,Andriana,Byham,abyhamf7@twitpic.com,Female,17.117.222.193
549,Bari,Fullard,bfullardf8@sphinn.com,Female,169.147.161.78
550,Dulcinea,Marvin,dmarvinf9@stumbleupon.com,Female,115.2.39.168
551,Emlyn,Lukasik,elukasikfa@sakura.ne.jp,Female,209.179.81.142
552,Webster,Atte-Stone,wattestonefb@auda.org.au,Male,168.123.141.22
553,Demeter,Monteith,dmonteithfc@army.mil,Female,194.28.42.8
554,Audrie,Tankin,atankinfd@china.com.cn,Female,121.72.68.247
555,Hamilton,Hodgins,hhodginsfe@techcrunch.com,Male,86.153.73.129
556,Fidelio,Carrel,fcarrelff@delicious.com,Male,102.31.50.6
557,Emerson,Plowell,eplowellfg@about.me,Male,128.29.81.39
558,Micky,Resun,mresunfh@wunderground.com,Female,128.11.40.75
559,Ginni,Jahn,gjahnfi@angelfire.com,Female,9.168.129.251
560,Tricia,Nye,tnyefj@plala.or.jp,Female,6.38.147.149
561,Mohandas,Abelson,mabelsonfk@aboutads.info,Bigender,236.47.7.33
562,Ofella,McGoogan,omcgooganfl@independent.co.uk,Female,169.76.193.43
563,Rinaldo,Dunkersley,rdunkersleyfm@woothemes.com,Male,240.152.251.174
564,Michal,Feighry,mfeighryfn@hc360.com,Female,28.83.120.166
565,Nicolea,Eastmead,neastmeadfo@chronoengine.com,Female,31.243.158.186
566,Sarajane,Skeel,sskeelfp@deliciousdays.com,Female,166.57.38.128
567,Suzi,Niece,sniecefq@arstechnica.com,Female,124.178.199.141
568,Eamon,Yushin,eyushinfr@amazon.co.jp,Male,10.230.60.54
569,Shelley,Cackett,scackettfs@unblog.fr,Male,228.145.158.109
570,Tate,De Filippo,tdefilippoft@newsvine.com,Female,94.64.22.75
571,Davita,Bowyer,dbowyerfu@blogtalkradio.com,Female,246.4.22.186
572,Trent,Samber,tsamberfv@chicagotribune.com,Genderfluid,117.132.100.127
573,Jaimie,Bedbrough,jbedbroughfw@51.la,Male,124.148.0.42
574,Ettore,Jagiela,ejagielafx@wp.com,Male,159.7.13.112
575,Chalmers,Ferrers,cferrersfy@bloglines.com,Male,140.115.118.105
576,Granger,Stuckes,gstuckesfz@networksolutions.com,Male,194.90.16.103
577,Bertine,Sextone,bsextoneg0@washingtonpost.com,Female,202.251.112.98
578,Sax,Cattermoul,scattermoulg1@ucoz.com,Genderqueer,200.84.166.248
579,Averyl,Battin,abatting2@oracle.com,Female,42.237.148.162
580,Aldridge,Van Oord,avanoordg3@drupal.org,Male,68.137.189.30
581,Malena,Howsan,mhowsang4@amazonaws.com,Female,188.154.69.26
582,Maritsa,Creelman,mcreelmang5@acquirethisname.com,Female,55.87.247.95
583,Munmro,Quinet,mquinetg6@clickbank.net,Male,246.78.76.216
584,Petronille,Deery,pdeeryg7@mysql.com,Female,246.210.158.211
585,Hilary,Raleston,hralestong8@gmpg.org,Female,23.64.192.108
586,Cliff,Quittonden,cquittondeng9@twitter.com,Non-binary,88.201.90.136
587,Douglas,Stoyell,dstoyellga@friendfeed.com,Male,166.140.179.231
588,Giff,Jaggers,gjaggersgb@elpais.com,Male,13.115.178.54
589,Willey,Gringley,wgringleygc@wix.com,Male,31.1.137.138
590,Elfrieda,Dorrins,edorrinsgd@myspace.com,Female,158.160.226.238
591,Melonie,Vereker,mverekerge@ask.com,Female,20.95.175.2
592,Ardys,Busst,abusstgf@psu.edu,Female,232.235.208.183
593,Connor,Jandak,cjandakgg@stanford.edu,Male,142.226.60.95
594,Laurie,Lissenden,llissendengh@vkontakte.ru,Bigender,9.183.45.224
595,Brigit,Divall,bdivallgi@jigsy.com,Female,103.111.13.216
596,Winn,Sumsion,wsumsiongj@home.pl,Male,98.60.188.169
597,Tobie,McKennan,tmckennangk@examiner.com,Male,197.28.9.36
598,Cynthie,Scrogges,cscroggesgl@cornell.edu,Female,245.254.217.186
599,Benedetta,Ailward,bailwardgm@globo.com,Female,254.64.220.205
600,Mady,Janic,mjanicgn@sphinn.com,Female,91.183.66.101
601,Jeno,Caney,jcaneygo@sbwire.com,Male,233.105.150.132
602,Hedwig,Timmons,htimmonsgp@illinois.edu,Female,183.231.0.32
603,Jeremias,McNamee,jmcnameegq@webmd.com,Male,87.169.6.160
604,Shirlene,Erley,serleygr@marriott.com,Female,247.37.220.76
605,Gunner,Hancorn,ghancorngs@disqus.com,Male,201.190.66.204
606,Shellysheldon,Parmiter,sparmitergt@infoseek.co.jp,Male,71.123.124.76
607,Gage,Drinkel,gdrinkelgu@mozilla.com,Male,199.127.18.132
608,Olivier,Po,opogv@kickstarter.com,Male,124.116.235.68
609,Hermina,Nourse,hnoursegw@google.com.hk,Female,236.138.158.46
610,Sam,Starton,sstartongx@loc.gov,Non-binary,163.74.4.128
611,Luce,Uppett,luppettgy@virginia.edu,Male,197.63.203.204
612,Cathy,Knapp,cknappgz@scientificamerican.com,Female,239.130.113.87
613,Nikolos,Erridge,nerridgeh0@last.fm,Male,35.247.110.109
614,Woody,Fisby,wfisbyh1@dyndns.org,Male,236.230.24.37
615,Valida,Mangenot,vmangenoth2@simplemachines.org,Female,59.74.135.213
616,Joachim,Surfleet,jsurfleeth3@pbs.org,Male,252.205.51.33
617,Alanson,MacParland,amacparlandh4@tripod.com,Male,181.130.224.87
618,Loella,Gosney,lgosneyh5@blogs.com,Agender,179.176.250.94
619,Terence,Jordan,tjordanh6@privacy.gov.au,Male,5.231.212.42
620,Gage,Antuk,gantukh7@wikimedia.org,Male,53.143.14.39
621,Leonhard,Berrigan,lberriganh8@examiner.com,Male,7.136.87.247
622,Pate,Ingamells,pingamellsh9@163.com,Male,233.18.183.19
623,Ephraim,Lowman,elowmanha@twitpic.com,Male,34.225.165.100
624,Vanya,Anstead,vansteadhb@tripod.com,Male,13.106.252.196
625,Siobhan,Rodda,sroddahc@wikimedia.org,Female,14.252.251.204
626,Bernard,Copner,bcopnerhd@auda.org.au,Male,33.119.20.36
627,Prentice,Splevings,psplevingshe@rambler.ru,Male,244.109.70.136
628,Audra,Gutowska,agutowskahf@wordpress.com,Female,215.225.223.134
629,Prinz,Wormald,pwormaldhg@twitter.com,Male,193.11.100.119
630,Conny,Pridham,cpridhamhh@squidoo.com,Female,117.38.244.160
631,Toddy,Lenglet,tlenglethi@dailymail.co.uk,Polygender,19.227.25.19
632,Julienne,Piggin,jpigginhj@dropbox.com,Female,115.150.136.224
633,Jolynn,Seal,jsealhk@sfgate.com,Female,11.88.240.71
634,El,Gregory,egregoryhl@themeforest.net,Male,18.14.106.10
635,Alyse,Gouldie,agouldiehm@163.com,Female,17.128.107.121
636,Marcelle,Westerman,mwestermanhn@barnesandnoble.com,Female,170.140.105.157
637,Tawnya,Caccavari,tcaccavariho@salon.com,Female,55.101.32.247
638,Bree,Hankinson,bhankinsonhp@wired.com,Female,57.198.57.158
639,Suki,Murrison,smurrisonhq@newsvine.com,Female,22.193.185.2
640,Nevins,Dalmon,ndalmonhr@usgs.gov,Male,215.140.35.62
641,Elnar,But,ebuths@vk.com,Male,137.23.13.175
642,Fleur,Ellsom,fellsomht@answers.com,Female,116.207.96.122
643,Brigham,Jacobovitch,bjacobovitchhu@cocolog-nifty.com,Male,2.88.55.22
644,Carleen,Barhams,cbarhamshv@1688.com,Female,80.54.203.161
645,Berthe,Launchbury,blaunchburyhw@uiuc.edu,Female,53.239.36.193
646,Sandie,Ruzek,sruzekhx@foxnews.com,Female,224.251.141.123
647,Bennie,Stoute,bstoutehy@skyrock.com,Polygender,22.168.43.228
648,Ki,Alty,kaltyhz@huffingtonpost.com,Female,176.193.134.5
649,Ches,Ruckledge,cruckledgei0@merriam-webster.com,Male,231.214.27.210
650,Callean,Zannolli,czannollii1@merriam-webster.com,Male,229.95.24.188
651,Debby,Bradnocke,dbradnockei2@t-online.de,Female,203.109.51.184
652,Tallia,Fraczkiewicz,tfraczkiewiczi3@kickstarter.com,Female,137.115.185.162
653,Gearalt,Skeeles,gskeelesi4@senate.gov,Male,171.108.65.139
654,Edan,Iacovaccio,eiacovaccioi5@com.com,Male,163.32.9.211
655,Bernard,Quillinane,bquillinanei6@howstuffworks.com,Male,139.57.215.93
656,Tove,Millin,tmillini7@yahoo.com,Agender,240.44.111.186
657,Ibby,Seine,iseinei8@pen.io,Non-binary,85.87.170.77
658,Hertha,Jagielski,hjagielskii9@surveymonkey.com,Female,196.74.48.128
659,Laurence,Hargreave,lhargreaveia@patch.com,Male,89.138.109.209
660,Shae,Langrick,slangrickib@purevolume.com,Female,149.29.176.85
661,Bartram,Goodee,bgoodeeic@hostgator.com,Male,201.237.223.226
662,Mano,Husselbee,mhusselbeeid@mlb.com,Male,228.120.209.65
663,Muffin,Croad,mcroadie@diigo.com,Female,116.29.196.29
664,Amandie,Gomm,agommif@nba.com,Female,23.187.158.10
665,Poppy,Verty,pvertyig@blinklist.com,Female,167.70.122.140
666,Anya,Orteau,aorteauih@bigcartel.com,Female,234.216.87.127
667,Grazia,Petrenko,gpetrenkoii@clickbank.net,Female,239.166.98.23
668,Zorine,Press,zpressij@dailymotion.com,Female,245.107.54.1
669,Barny,Dancey,bdanceyik@sakura.ne.jp,Genderqueer,250.248.119.203
670,Viola,Uman,vumanil@over-blog.com,Genderqueer,150.188.211.186
671,Ginnifer,Kalisz,gkaliszim@ycombinator.com,Female,106.82.164.219
672,Gretel,Ashmore,gashmorein@paypal.com,Female,57.17.95.32
673,Frank,Buggy,fbuggyio@liveinternet.ru,Agender,125.1.55.117
674,Kordula,McGillreich,kmcgillreichip@ibm.com,Female,184.60.80.143
675,Natasha,Leheude,nleheudeiq@oaic.gov.au,Female,213.73.182.150
676,Ari,Lamperti,alampertiir@artisteer.com,Genderfluid,230.224.212.167
677,Cheslie,Ubsdall,cubsdallis@fda.gov,Female,52.35.240.152
678,Emmie,Mousley,emousleyit@hexun.com,Female,200.151.161.70
679,Jillene,Sealey,jsealeyiu@tuttocitta.it,Female,159.149.123.247
680,Kiele,Linskill,klinskilliv@epa.gov,Female,69.177.153.138
681,Rudd,Selley,rselleyiw@etsy.com,Male,93.32.109.48
682,Hamnet,Struther,hstrutherix@alexa.com,Male,158.65.236.249
683,Lona,McNelly,lmcnellyiy@ihg.com,Female,222.114.159.25
684,Brigid,Dykas,bdykasiz@harvard.edu,Female,70.96.17.34
685,Jessamine,Borges,jborgesj0@comsenz.com,Female,22.7.147.213
686,Stewart,Hellyar,shellyarj1@networksolutions.com,Polygender,113.26.162.17
687,Dimitry,Aronoff,daronoffj2@blogger.com,Male,222.48.72.160
688,Johnathan,Ould,jouldj3@army.mil,Male,91.123.148.255
689,Lulu,Strange,lstrangej4@t.co,Female,184.24.159.110
690,Marylin,Jaray,mjarayj5@hugedomains.com,Female,249.240.66.207
691,Nathanial,Dimitriades,ndimitriadesj6@godaddy.com,Male,203.16.1.109
692,Constantino,Sandercock,csandercockj7@g.co,Male,33.182.103.53
693,Kelbee,Houlahan,khoulahanj8@bbc.co.uk,Male,5.151.141.146
694,Mikael,Mabbott,mmabbottj9@vimeo.com,Male,99.142.227.167
695,Gauthier,Fairman,gfairmanja@livejournal.com,Male,140.174.35.14
696,Tallulah,Niccolls,tniccollsjb@furl.net,Female,135.41.200.150
697,Aurelie,Pattesall,apattesalljc@bizjournals.com,Female,240.94.227.218
698,Ashby,Gorioli,agoriolijd@google.fr,Male,153.158.16.21
699,Pierette,Verrechia,pverrechiaje@pcworld.com,Female,76.42.37.102
700,Tabor,Kleingrub,tkleingrubjf@sohu.com,Male,79.35.27.215
701,Kata,Winchurch,kwinchurchjg@ft.com,Female,163.76.14.23
702,Chicky,McManamon,cmcmanamonjh@homestead.com,Female,121.163.173.101
703,Aldridge,Hallihane,ahallihaneji@diigo.com,Male,86.81.174.226
704,Donny,Barfford,dbarffordjj@tinyurl.com,Female,16.75.171.220
705,Curtis,MacCauley,cmaccauleyjk@google.nl,Male,56.230.131.171
706,Tim,McGilben,tmcgilbenjl@buzzfeed.com,Male,129.85.236.111
707,Rickard,Redmond,rredmondjm@ask.com,Male,147.174.227.172
708,Rayner,Philimore,rphilimorejn@dedecms.com,Male,8.246.78.208
709,Worth,Cowan,wcowanjo@elpais.com,Male,169.251.215.180
710,Aldin,MacFarlane,amacfarlanejp@yellowbook.com,Male,15.124.188.105
711,Garnet,Sporner,gspornerjq@linkedin.com,Female,228.179.117.154
712,Koressa,Gurdon,kgurdonjr@moonfruit.com,Female,67.249.172.230
713,Raphaela,Kislingbury,rkislingburyjs@delicious.com,Genderfluid,4.154.172.143
714,Ulberto,Heinssen,uheinssenjt@senate.gov,Male,213.246.180.5
715,Annalee,Callen,acallenju@springer.com,Polygender,141.193.39.181
716,Yorgo,Brandom,ybrandomjv@comsenz.com,Male,247.196.162.71
717,Aloysius,Cotmore,acotmorejw@github.com,Male,55.134.56.214
718,Charlotta,Stops,cstopsjx@purevolume.com,Female,243.194.105.30
719,Sven,Duthy,sduthyjy@omniture.com,Male,58.220.191.27
720,Putnem,Shera,psherajz@disqus.com,Polygender,64.223.33.13
721,Persis,McComiskey,pmccomiskeyk0@ustream.tv,Female,174.93.143.207
722,Ingrid,Oakes,ioakesk1@digg.com,Female,142.8.216.36
723,Dena,Glauber,dglauberk2@bloomberg.com,Female,191.144.232.48
724,Ricki,Boddington,rboddingtonk3@examiner.com,Male,116.94.216.176
725,Kay,Hargie,khargiek4@nba.com,Female,90.16.46.138
726,Jarrad,Nesbitt,jnesbittk5@arstechnica.com,Male,135.39.17.113
727,Nial,Woolgar,nwoolgark6@walmart.com,Male,10.133.133.142
728,Dew,Melly,dmellyk7@scribd.com,Male,174.16.18.244
729,Adelice,Lavall,alavallk8@multiply.com,Female,238.83.240.91
730,Christan,Bachman,cbachmank9@yandex.ru,Female,199.1.226.73
731,Octavius,Ganders,oganderska@newsvine.com,Male,242.42.38.248
732,Shannon,Lyste,slystekb@sciencedirect.com,Male,110.60.91.162
733,Welsh,Piscopello,wpiscopellokc@pagesperso-orange.fr,Male,24.205.53.100
734,Virgina,Hurring,vhurringkd@skyrock.com,Female,219.159.211.100
735,Jeremiah,Gawthorpe,jgawthorpeke@ucla.edu,Male,132.218.29.191
736,Aidan,Barnaclough,abarnacloughkf@yahoo.co.jp,Female,172.162.121.68
737,Doretta,Been,dbeenkg@amazon.com,Female,148.202.99.192
738,Benn,Doerffer,bdoerfferkh@wikipedia.org,Male,234.39.53.154
739,Ainslee,Heintz,aheintzki@w3.org,Female,167.167.37.67
740,Erl,Abisetti,eabisettikj@wix.com,Male,168.50.238.103
741,Vachel,Coop,vcoopkk@amazon.de,Male,223.157.126.2
742,Shepherd,Kleinstern,skleinsternkl@i2i.jp,Male,115.251.37.196
743,Leslie,Diboll,ldibollkm@ox.ac.uk,Male,114.117.161.210
744,Simone,McDonough,smcdonoughkn@microsoft.com,Male,72.141.33.59
745,Farlee,Appleyard,fappleyardko@tinypic.com,Male,118.60.153.96
746,Bran,Vlasyuk,bvlasyukkp@sbwire.com,Male,83.148.93.54
747,Damara,Sedworth,dsedworthkq@hexun.com,Female,183.233.177.218
748,Addy,Maffulli,amaffullikr@prnewswire.com,Female,147.213.135.218
749,Worth,De La Salle,wdelasalleks@businesswire.com,Genderqueer,1.183.175.79
750,Cammy,Garth,cgarthkt@sakura.ne.jp,Female,16.146.24.136
751,Luci,Andersson,landerssonku@oakley.com,Female,40.39.178.222
752,Junina,Novotna,jnovotnakv@msu.edu,Female,131.252.29.1
753,Eamon,Copcutt,ecopcuttkw@dedecms.com,Male,255.144.133.144
754,Zia,Barnish,zbarnishkx@cdc.gov,Female,170.158.216.101
755,Codi,Powell,cpowellky@delicious.com,Female,157.8.218.226
756,Sawyer,MacGarvey,smacgarveykz@acquirethisname.com,Male,246.57.229.27
757,Kelsy,Halle,khallel0@pbs.org,Female,188.174.215.59
758,Sigismund,Burhouse,sburhousel1@last.fm,Male,252.71.194.128
759,Alanson,Bettis,abettisl2@yolasite.com,Male,176.90.154.48
760,Pail,Galia,pgalial3@washingtonpost.com,Male,119.42.207.123
761,Marian,Ellicombe,mellicombel4@diigo.com,Female,2.225.217.250
762,Pat,Iczokvitz,piczokvitzl5@about.me,Male,5.178.152.16
763,Gray,Trewhella,gtrewhellal6@soup.io,Female,218.39.5.37
764,Annette,Chastagnier,achastagnierl7@tripod.com,Female,92.168.195.149
765,Hayes,Dicey,hdiceyl8@blogs.com,Male,180.216.104.155
766,Agathe,Overel,aoverell9@godaddy.com,Female,2.60.126.7
767,Dorice,Hanrott,dhanrottla@nytimes.com,Female,224.172.119.186
768,Yorgo,Gath,ygathlb@ucoz.ru,Male,81.161.46.19
769,Gayleen,O'Hannigan,gohanniganlc@devhub.com,Female,93.182.123.26
770,Idaline,Tristram,itristramld@i2i.jp,Female,73.2.39.55
771,Stern,Belfitt,sbelfittle@w3.org,Male,71.106.79.94
772,Faye,Riste,fristelf@scientificamerican.com,Female,38.109.190.90
773,Jessy,Shallcroff,jshallcrofflg@privacy.gov.au,Female,91.28.69.65
774,Ber,Trownson,btrownsonlh@stumbleupon.com,Male,252.181.126.130
775,Darby,Skippings,dskippingsli@ovh.net,Male,207.156.243.70
776,Brannon,Drayson,bdraysonlj@addtoany.com,Male,225.96.212.103
777,Chip,Shinefield,cshinefieldlk@dropbox.com,Agender,169.213.38.103
778,Osborne,Carus,ocarusll@washington.edu,Male,179.138.127.222
779,Rosina,Kebell,rkebelllm@1und1.de,Female,246.60.167.60
780,Cally,MacIlhargy,cmacilhargyln@abc.net.au,Female,207.243.244.43
781,Orv,Kift,okiftlo@chronoengine.com,Polygender,241.173.133.216
782,Cecil,Durak,cduraklp@com.com,Male,254.141.89.116
783,Gay,Elleyne,gelleynelq@mashable.com,Male,93.66.142.177
784,Chaddie,Stares,cstareslr@etsy.com,Male,252.134.22.195
785,Gage,Goold,ggooldls@addthis.com,Polygender,161.48.23.13
786,Cary,Thomasen,cthomasenlt@parallels.com,Male,126.48.77.54
787,Harman,Ivons,hivonslu@apple.com,Male,21.12.120.105
788,Maggy,Lavington,mlavingtonlv@jimdo.com,Female,190.51.64.111
789,Nonah,Jirasek,njiraseklw@fc2.com,Female,7.79.109.79
790,Jennette,Berwick,jberwicklx@people.com.cn,Female,128.209.250.159
791,Ricky,Walch,rwalchly@bloomberg.com,Female,86.236.137.32
792,Keefe,Rozzell,krozzelllz@odnoklassniki.ru,Male,80.111.54.247
793,Marget,Zambon,mzambonm0@netscape.com,Female,23.28.101.132
794,Michel,Ambroz,mambrozm1@ox.ac.uk,Male,106.217.70.219
795,Thornton,Kneller,tknellerm2@google.com,Male,149.55.41.218
796,Sal,Haveline,shavelinem3@vk.com,Bigender,98.68.184.60
797,Marga,Willerstone,mwillerstonem4@privacy.gov.au,Bigender,190.18.16.103
798,Rudy,Kegley,rkegleym5@aboutads.info,Male,84.173.193.129
799,Pembroke,McGray,pmcgraym6@patch.com,Male,95.221.153.123
800,Astrid,Buxsey,abuxseym7@networkadvertising.org,Female,141.14.54.3
801,Stearne,Getley,sgetleym8@google.nl,Male,40.136.95.209
802,Darryl,Winsbury,dwinsburym9@livejournal.com,Male,240.29.207.236
803,Nicola,Crossfield,ncrossfieldma@nhs.uk,Female,137.44.57.191
804,Nanci,Hardcastle,nhardcastlemb@cbslocal.com,Female,243.247.130.231
805,Rickie,Sager,rsagermc@odnoklassniki.ru,Female,47.99.208.148
806,Jud,Maytum,jmaytummd@bluehost.com,Male,110.98.195.0
807,Arvin,Point,apointme@cornell.edu,Non-binary,131.83.23.49
808,Polly,Wollrauch,pwollrauchmf@reuters.com,Genderqueer,195.39.43.190
809,Duff,Yetts,dyettsmg@aol.com,Male,5.55.133.240
810,Rasla,McGillacoell,rmcgillacoellmh@ameblo.jp,Polygender,183.161.129.115
811,Lisbeth,Renowden,lrenowdenmi@phpbb.com,Polygender,192.254.160.175
812,Berne,Towsie,btowsiemj@google.nl,Male,85.41.28.244
813,Gail,Carbonell,gcarbonellmk@aboutads.info,Male,212.210.189.182
814,Livy,Davitt,ldavittml@instagram.com,Female,213.118.158.238
815,Natalina,Gilbee,ngilbeemm@networksolutions.com,Female,245.145.117.211
816,Annabel,Tremblay,atremblaymn@ucla.edu,Female,44.214.196.24
817,Ashby,Cowing,acowingmo@angelfire.com,Male,208.49.187.155
818,Lexine,McCumesky,lmccumeskymp@fotki.com,Female,98.160.83.212
819,Elvin,Oldred,eoldredmq@theguardian.com,Male,206.3.173.113
820,Drugi,Gerretsen,dgerretsenmr@upenn.edu,Male,133.80.255.201
821,Arel,Cromarty,acromartyms@github.io,Male,89.54.154.80
822,Anet,Hoys,ahoysmt@washingtonpost.com,Female,160.28.11.16
823,Pernell,Fewings,pfewingsmu@tinypic.com,Male,118.184.63.154
824,Helenelizabeth,Cumberlidge,hcumberlidgemv@psu.edu,Bigender,26.210.39.154
825,Mirella,Pocke,mpockemw@yolasite.com,Female,154.100.216.31
826,Morie,Boulter,mboultermx@list-manage.com,Male,162.128.181.143
827,Tedda,Erwin,terwinmy@usda.gov,Female,147.90.135.148
828,Trueman,Bissiker,tbissikermz@jimdo.com,Male,146.130.104.107
829,Umberto,Flintoft,uflintoftn0@yale.edu,Male,74.36.132.241
830,Nanette,Chaves,nchavesn1@slate.com,Female,139.68.105.104
831,Tommi,Corr,tcorrn2@instagram.com,Female,141.172.192.132
832,Abramo,Stoaks,astoaksn3@bbc.co.uk,Male,84.148.27.209
833,Kain,Cakebread,kcakebreadn4@example.com,Male,222.5.103.177
834,Elysha,O'Meara,eomearan5@epa.gov,Female,218.127.164.57
835,Gladi,Trolley,gtrolleyn6@msu.edu,Female,6.206.43.139
836,Tiffany,Gouldie,tgouldien7@mlb.com,Female,230.80.209.19
837,Marlon,Meakin,mmeakinn8@bravesites.com,Male,121.19.115.231
838,Eugenio,Olensby,eolensbyn9@google.com.br,Male,135.160.232.110
839,Curcio,Keyworth,ckeyworthna@bandcamp.com,Male,134.128.64.48
840,Johan,Cocozza,jcocozzanb@behance.net,Male,121.241.61.5
841,Bernardo,Wisdom,bwisdomnc@state.gov,Male,225.57.138.83
842,Oliy,Palluschek,opalluscheknd@angelfire.com,Female,129.222.224.75
843,Pet,Peverell,ppeverellne@wufoo.com,Female,207.122.93.11
844,Samuel,Kohtler,skohtlernf@jimdo.com,Male,161.72.182.40
845,Ruddy,Dragge,rdraggeng@apple.com,Male,202.177.170.24
846,Chico,O'Shevlan,coshevlannh@home.pl,Male,117.248.37.20
847,Marion,Flanigan,mflaniganni@cocolog-nifty.com,Female,66.71.227.116
848,Franzen,Colquete,fcolquetenj@sbwire.com,Male,252.145.6.231
849,Etty,Wallis,ewallisnk@adobe.com,Genderqueer,219.85.161.155
850,Angelique,Broyd,abroydnl@phpbb.com,Female,59.1.141.100
851,Cleon,Youster,cyousternm@dion.ne.jp,Male,96.67.144.134
852,Iago,McKimmie,imckimmienn@google.ca,Male,1.147.11.54
853,Richard,Vizor,rvizorno@umn.edu,Male,188.102.143.2
854,Florella,Pounsett,fpounsettnp@godaddy.com,Female,21.48.172.156
855,Marga,Joreau,mjoreaunq@ebay.com,Female,38.25.154.154
856,Morse,Penrith,mpenrithnr@4shared.com,Male,86.229.48.52
857,Brittaney,Moutray Read,bmoutrayreadns@w3.org,Bigender,164.253.136.25
858,Milicent,Reading,mreadingnt@cbc.ca,Bigender,31.58.160.48
859,Zarah,Axup,zaxupnu@nationalgeographic.com,Female,247.242.195.205
860,Ladonna,Vela,lvelanv@webnode.com,Female,48.216.173.100
861,Mischa,Hatto,mhattonw@com.com,Male,215.250.238.198
862,Darren,Dukesbury,ddukesburynx@who.int,Male,236.155.159.250
863,Joly,Geldeard,jgeldeardny@sourceforge.net,Agender,213.202.11.168
864,Jasper,Skylett,jskylettnz@disqus.com,Male,79.41.203.251
865,Bendick,Cabrales,bcabraleso0@skype.com,Male,220.68.203.126
866,Rori,Esom,resomo1@comsenz.com,Female,80.104.10.88
867,Yelena,Fronks,yfronkso2@etsy.com,Female,29.200.57.208
868,Clem,De Maria,cdemariao3@loc.gov,Male,134.68.86.190
869,Quillan,Waszczyk,qwaszczyko4@dropbox.com,Male,229.74.194.172
870,Wolfie,Mitchener,wmitchenero5@gravatar.com,Male,54.179.102.133
871,Britney,Paz,bpazo6@hatena.ne.jp,Female,77.216.66.59
872,Hunfredo,Leatt,hleatto7@patch.com,Agender,82.160.150.109
873,Bradney,Rosencrantz,brosencrantzo8@hugedomains.com,Male,201.161.181.176
874,Robbie,Kop,rkopo9@buzzfeed.com,Male,111.238.116.16
875,Tonie,Bewsy,tbewsyoa@arstechnica.com,Female,179.169.146.78
876,Lizbeth,Emmanueli,lemmanueliob@macromedia.com,Female,41.169.234.196
877,Pepita,Derrick,pderrickoc@wikia.com,Female,190.1.100.250
878,Carolynn,Detheridge,cdetheridgeod@goo.gl,Female,92.126.238.60
879,Vaclav,Jepperson,vjeppersonoe@mapquest.com,Male,238.122.121.228
880,Lucienne,Riddel,lriddelof@boston.com,Female,159.113.98.183
881,Barby,Lashbrook,blashbrookog@photobucket.com,Female,57.255.5.78
882,Karim,Soanes,ksoanesoh@google.co.jp,Male,80.75.26.30
883,Kaycee,Jonathon,kjonathonoi@twitter.com,Female,155.252.39.195
884,Lesya,Lawey,llaweyoj@wisc.edu,Female,235.121.17.31
885,Elonore,Fawlkes,efawlkesok@smh.com.au,Genderfluid,170.133.48.91
886,Fabio,Elgar,felgarol@ucoz.com,Male,208.202.131.161
887,Milli,Ren,mrenom@webs.com,Female,115.64.55.223
888,Loreen,Fencott,lfencotton@icq.com,Female,61.242.34.2
889,Tony,Jakubski,tjakubskioo@mozilla.org,Male,203.198.207.41
890,Violetta,Courcey,vcourceyop@ustream.tv,Genderqueer,164.99.200.100
891,Heath,Dundendale,hdundendaleoq@elpais.com,Female,170.124.182.230
892,Johannah,Zanuciolii,jzanucioliior@hatena.ne.jp,Female,76.57.232.137
893,Rocky,Bartkowiak,rbartkowiakos@dmoz.org,Male,203.80.10.78
894,Loralie,Dickons,ldickonsot@booking.com,Female,91.72.175.57
895,Laverna,Limbourne,llimbourneou@furl.net,Female,155.120.74.127
896,Carroll,Pickford,cpickfordov@sun.com,Male,211.204.120.93
897,Vanda,Joliffe,vjoliffeow@booking.com,Female,20.216.59.37
898,Dedie,Paff,dpaffox@answers.com,Female,39.199.42.25
899,Delinda,Hodge,dhodgeoy@patch.com,Female,189.207.104.111
900,Rufe,Meeks,rmeeksoz@nymag.com,Male,209.14.229.0
901,Neala,Crigin,ncriginp0@wikispaces.com,Agender,153.27.202.35
902,Any,Lake,alakep1@simplemachines.org,Male,198.117.217.71
903,Desdemona,Brunner,dbrunnerp2@opera.com,Female,138.232.185.159
904,Grayce,Stratiff,gstratiffp3@about.me,Female,82.180.139.137
905,Guss,Steynor,gsteynorp4@squarespace.com,Male,236.18.36.232
906,Casar,Flukes,cflukesp5@springer.com,Male,137.21.124.85
907,Karol,Lauritsen,klauritsenp6@howstuffworks.com,Female,2.37.114.99
908,Nickie,Leah,nleahp7@clickbank.net,Female,242.71.149.157
909,Dana,Byrcher,dbyrcherp8@nymag.com,Male,227.49.232.35
910,Benoit,Allard,ballardp9@msn.com,Male,112.32.87.157
911,Sig,Sigmund,ssigmundpa@skype.com,Male,39.198.192.128
912,Alric,Landrieu,alandrieupb@bloglovin.com,Male,115.146.184.161
913,Erie,Leyborne,eleybornepc@aboutads.info,Male,169.80.205.216
914,Marje,Czapla,mczaplapd@angelfire.com,Female,211.3.148.36
915,Elysee,Delagnes,edelagnespe@usatoday.com,Female,87.28.87.92
916,Brew,Facher,bfacherpf@github.io,Male,204.218.153.164
917,Dare,Gingedale,dgingedalepg@independent.co.uk,Male,58.249.251.52
918,Inglis,Towler,itowlerph@php.net,Male,104.7.93.93
919,Deloris,Dove,ddovepi@hhs.gov,Female,204.163.118.0
920,Olly,Thynn,othynnpj@scribd.com,Female,34.253.169.166
921,Dulciana,Leads,dleadspk@deliciousdays.com,Female,106.90.231.145
922,Scotti,McRinn,smcrinnpl@nifty.com,Male,34.226.90.210
923,Heriberto,Ponder,hponderpm@marketwatch.com,Male,247.221.190.23
924,Joy,Latter,jlatterpn@europa.eu,Female,133.139.66.253
925,Bobbie,Seaborne,bseabornepo@globo.com,Male,199.154.109.12
926,Trudy,Quinton,tquintonpp@ihg.com,Female,38.18.37.79
927,Phil,Hume,phumepq@geocities.jp,Male,251.13.84.213
928,Saloma,Wyre,swyrepr@diigo.com,Female,87.145.231.42
929,Elwood,Raistrick,eraistrickps@sciencedaily.com,Male,37.213.26.4
930,Warren,Vassel,wvasselpt@ftc.gov,Male,60.253.219.246
931,Bev,Mohamed,bmohamedpu@liveinternet.ru,Male,210.212.34.74
932,Lauren,Bonafant,lbonafantpv@washingtonpost.com,Male,83.58.254.40
933,Laurene,Densie,ldensiepw@unblog.fr,Female,49.128.169.24
934,Donetta,Hendin,dhendinpx@google.pl,Female,225.200.29.54
935,Milo,Gatherer,mgathererpy@phpbb.com,Male,193.224.231.101
936,Emelda,Pendrich,ependrichpz@1688.com,Female,204.168.199.139
937,Neville,Loadwick,nloadwickq0@dropbox.com,Male,74.129.107.203
938,Erick,Peachey,epeacheyq1@salon.com,Male,145.138.39.184
939,Ruttger,Farrah,rfarrahq2@soundcloud.com,Male,20.154.51.202
940,Dougie,Speachley,dspeachleyq3@chron.com,Male,36.235.54.38
941,Sallee,Drackford,sdrackfordq4@i2i.jp,Female,155.60.226.93
942,Linzy,Percival,lpercivalq5@diigo.com,Female,200.234.237.81
943,Jozef,Zimmer,jzimmerq6@cisco.com,Male,147.84.110.25
944,Eadie,Bonnier,ebonnierq7@ted.com,Female,166.38.204.86
945,Estelle,Girault,egiraultq8@chicagotribune.com,Female,121.144.226.117
946,Tate,McCaghan,tmccaghanq9@illinois.edu,Female,109.221.157.209
947,Sorcha,Assard,sassardqa@globo.com,Female,242.117.64.229
948,Torrence,Boater,tboaterqb@51.la,Male,57.33.118.57
949,Geoffry,Mabone,gmaboneqc@g.co,Male,179.91.167.249
950,Gus,McCafferky,gmccafferkyqd@hibu.com,Genderfluid,4.7.233.102
951,Bennie,Derbyshire,bderbyshireqe@wired.com,Male,173.213.185.24
952,William,Brogiotti,wbrogiottiqf@businesswire.com,Male,59.74.119.96
953,Kerwin,Janku,kjankuqg@amazon.co.uk,Male,216.201.230.57
954,Vasilis,Grellis,vgrellisqh@weather.com,Male,1.0.211.172
955,Roberta,Piwall,rpiwallqi@paginegialle.it,Female,201.23.86.220
956,Daune,Sute,dsuteqj@china.com.cn,Female,137.122.126.237
957,Tibold,Cranmere,tcranmereqk@deviantart.com,Male,67.69.18.151
958,Ferdinanda,Fuzzard,ffuzzardql@house.gov,Female,124.37.16.125
959,Fawn,Gasnell,fgasnellqm@feedburner.com,Agender,186.4.205.60
960,Abramo,Bergstram,abergstramqn@cbc.ca,Male,139.170.164.146
961,Junia,Snowden,jsnowdenqo@businesswire.com,Female,50.209.213.236
962,Garner,Kryzhov,gkryzhovqp@slate.com,Bigender,160.7.0.67
963,Kath,Milillo,kmililloqq@yahoo.com,Female,81.168.161.44
964,Shurwood,Bartolic,sbartolicqr@miitbeian.gov.cn,Male,16.242.151.107
965,Che,Hunnisett,chunnisettqs@furl.net,Male,11.184.212.231
966,Laverna,Simes,lsimesqt@virginia.edu,Female,56.97.132.108
967,Cammie,Camelin,ccamelinqu@addtoany.com,Female,88.233.9.184
968,Dorthea,Van Vuuren,dvanvuurenqv@forbes.com,Female,84.47.247.88
969,Hadria,Tancock,htancockqw@blogtalkradio.com,Non-binary,189.136.95.115
970,Madalyn,Barlas,mbarlasqx@123-reg.co.uk,Female,121.49.223.92
971,Whitney,Brikner,wbriknerqy@webmd.com,Female,186.149.57.167
972,Susanne,Duffin,sduffinqz@columbia.edu,Female,171.212.31.113
973,Charyl,Hegdonne,chegdonner0@pcworld.com,Female,203.69.55.113
974,Grove,Piddick,gpiddickr1@huffingtonpost.com,Male,111.188.139.80
975,Cassie,Somers,csomersr2@yandex.ru,Male,228.70.50.104
976,Jazmin,Peat,jpeatr3@purevolume.com,Female,214.51.142.12
977,Dalila,Mc Faul,dmcfaulr4@mapquest.com,Female,114.89.86.174
978,Merola,Wonfar,mwonfarr5@google.com,Female,211.148.188.141
979,Zared,Rodie,zrodier6@slideshare.net,Male,216.246.83.146
980,Inger,Fiddeman,ifiddemanr7@dailymail.co.uk,Male,113.92.29.196
981,Eryn,Rapa,erapar8@spiegel.de,Female,59.139.213.111
982,Lief,Hail,lhailr9@gravatar.com,Polygender,16.98.156.7
983,Marijn,Dockerty,mdockertyra@toplist.cz,Male,47.90.57.92
984,Bette-ann,Stollenwerck,bstollenwerckrb@soup.io,Non-binary,16.208.95.28
985,Bren,Denkel,bdenkelrc@weibo.com,Female,93.57.135.245
986,Rene,Whitworth,rwhitworthrd@biblegateway.com,Male,67.146.28.86
987,Adrianne,Torvey,atorveyre@t.co,Female,193.10.238.89
988,Jacquie,Cloutt,jclouttrf@ezinearticles.com,Female,221.78.243.212
989,Corny,Rowe,crowerg@cbsnews.com,Female,185.76.0.37
990,Arleta,Ellerby,aellerbyrh@themeforest.net,Female,254.69.220.89
991,Petr,Albion,palbionri@nih.gov,Male,32.113.202.64
992,Esma,Varfalameev,evarfalameevrj@indiegogo.com,Female,125.250.155.15
993,Fanya,Chatto,fchattork@sakura.ne.jp,Female,206.146.136.191
994,Fenelia,Ribchester,fribchesterrl@accuweather.com,Female,155.205.191.241
995,Silvain,Sloley,ssloleyrm@cbsnews.com,Male,187.240.163.104
996,Judas,Gamlyn,jgamlynrn@yellowbook.com,Male,144.33.19.117
997,Isabelita,Fasset,ifassetro@constantcontact.com,Female,203.2.181.69
998,Tymothy,Dallewater,tdallewaterrp@vimeo.com,Male,86.120.181.237
999,Agretha,Conor,aconorrq@msu.edu,Female,104.234.195.194
1000,Sly,Jeffry,sjeffryrr@addthis.com,Male,118.106.204.66
